{"main":"american-flights-api.raml","name":"American Flights API","organizationId":"216bbcec-4203-4b72-a216-9aa88e317b2d","groupId":"216bbcec-4203-4b72-a216-9aa88e317b2d","assetId":"american-flights-api","version":"1.0.3","metadata":{"branchId":"master","commitId":"7a9babc05049660fb1866d36f57d064fbd49095c","projectId":"5014c5fe-5f73-406c-a588-dc142b4b043d"},"apiVersion":"v1","classifier":"raml","dependencies":[{"assetId":"training-american-flight-data-type","groupId":"68ef9520-24e9-4cf2-b2f5-620025690913","version":"1.0.1"},{"assetId":"training-american-flights-example","groupId":"68ef9520-24e9-4cf2-b2f5-620025690913","version":"1.0.1"}],"tags":[],"originalFormatVersion":"1.0"}